onset	onsetTR	message	subject	run	block	trial	contrast	condition	phase	stimulus
4.500	3.000	stimOnset	001	6	1	1	0.8	random	3.665	90
4.750	3.167	stimOnset	001	6	1	2	0.8	random	1.571	0
5.000	3.333	stimOnset	001	6	1	3	0.8	random	0.524	45
5.250	3.500	stimOnset	001	6	1	4	0.8	random	5.760	135
5.500	3.667	pauseOnset	001	6	1	4	0.8	random	5.760	135
6.500	4.333	stimOnset	001	6	1	5	0.8	random	5.760	135
6.750	4.500	stimOnset	001	6	1	6	0.8	random	4.712	45
7.000	4.667	stimOnset	001	6	1	7	0.8	random	5.236	0
7.250	4.833	stimOnset	001	6	1	8	0.8	random	5.236	90
7.500	5.000	pauseOnset	001	6	1	8	0.8	random	5.236	90
8.500	5.667	stimOnset	001	6	1	9	0.8	random	2.094	90
8.750	5.833	stimOnset	001	6	1	10	0.8	random	3.665	45
9.000	6.000	stimOnset	001	6	1	11	0.8	random	1.047	135
9.250	6.166	stimOnset	001	6	1	12	0.8	random	3.142	0
9.500	6.333	pauseOnset	001	6	1	12	0.8	random	3.142	0
10.500	7.000	stimOnset	001	6	1	13	0.8	random	2.094	135
10.750	7.166	stimOnset	001	6	1	14	0.8	random	5.760	0
11.000	7.333	stimOnset	001	6	1	15	0.8	random	0.000	90
11.250	7.500	stimOnset	001	6	1	16	0.8	random	0.524	45
11.500	7.666	pauseOnset	001	6	1	16	0.8	random	0.524	45
12.500	8.333	stimOnset	001	6	1	17	0.8	random	4.189	0
12.750	8.500	stimOnset	001	6	1	18	0.8	random	1.047	90
13.000	8.666	stimOnset	001	6	1	19	0.8	random	0.000	135
13.250	8.833	catchOnset	001	6	1	20	0.8	random	0.000	45
13.500	9.000	pauseOnset	001	6	1	20	0.8	random	0.000	45
14.500	9.666	stimOnset	001	6	1	21	0.8	random	4.712	90
14.750	9.833	stimOnset	001	6	1	22	0.8	random	2.618	45
15.000	10.000	stimOnset	001	6	1	23	0.8	random	1.047	135
15.250	10.166	stimOnset	001	6	1	24	0.8	random	1.571	0
15.500	10.333	pauseOnset	001	6	1	24	0.8	random	1.571	0
16.500	11.000	stimOnset	001	6	1	25	0.8	random	4.189	135
16.750	11.166	stimOnset	001	6	1	26	0.8	random	2.618	0
17.000	11.333	stimOnset	001	6	1	27	0.8	random	2.094	90
17.250	11.500	stimOnset	001	6	1	28	0.8	random	1.571	45
17.499	11.666	pauseOnset	001	6	1	28	0.8	random	1.571	45
18.499	12.333	stimOnset	001	6	1	29	0.8	random	2.618	90
18.749	12.500	catchOnset	001	6	1	30	0.8	random	3.142	0
18.999	12.666	stimOnset	001	6	1	31	0.8	random	0.524	135
19.249	12.833	stimOnset	001	6	1	32	0.8	random	4.189	45
19.499	13.000	pauseOnset	001	6	1	32	0.8	random	4.189	45
20.499	13.666	stimOnset	001	6	1	33	0.8	random	4.712	45
20.749	13.833	stimOnset	001	6	1	34	0.8	random	3.665	90
20.999	14.000	stimOnset	001	6	1	35	0.8	random	3.142	0
21.249	14.166	stimOnset	001	6	1	36	0.8	random	5.236	135
21.499	14.333	pauseOnset	001	6	1	36	0.8	random	5.236	135
22.499	15.000	blockend	001	6	1	36	0.8	random	5.236	135
22.503	15.002	buttonpress	001	6	1	36	0.8	random	5.236	135
22.514	15.010	buttonpress	001	6	1	36	0.8	random	5.236	135
31.499	20.999	stimOnset	001	6	2	1	0.3	predictable	0.000	90
31.749	21.166	stimOnset	001	6	2	2	0.3	predictable	0.524	45
31.999	21.333	stimOnset	001	6	2	3	0.3	predictable	1.047	135
32.249	21.499	stimOnset	001	6	2	4	0.3	predictable	0.524	0
32.499	21.666	pauseOnset	001	6	2	4	0.3	predictable	0.524	0
33.499	22.333	stimOnset	001	6	2	5	0.3	predictable	3.142	90
33.749	22.499	stimOnset	001	6	2	6	0.3	predictable	0.524	45
33.999	22.666	stimOnset	001	6	2	7	0.3	predictable	1.047	135
34.249	22.833	stimOnset	001	6	2	8	0.3	predictable	3.665	0
34.499	22.999	pauseOnset	001	6	2	8	0.3	predictable	3.665	0
35.499	23.666	stimOnset	001	6	2	9	0.3	predictable	4.712	90
35.749	23.833	stimOnset	001	6	2	10	0.3	predictable	1.571	45
35.999	23.999	stimOnset	001	6	2	11	0.3	predictable	5.236	135
36.249	24.166	stimOnset	001	6	2	12	0.3	predictable	5.760	0
36.499	24.333	pauseOnset	001	6	2	12	0.3	predictable	5.760	0
37.499	24.999	stimOnset	001	6	2	13	0.3	predictable	0.000	90
37.749	25.166	stimOnset	001	6	2	14	0.3	predictable	2.618	45
37.999	25.333	stimOnset	001	6	2	15	0.3	predictable	1.571	135
38.249	25.499	stimOnset	001	6	2	16	0.3	predictable	4.189	0
38.499	25.666	pauseOnset	001	6	2	16	0.3	predictable	4.189	0
39.499	26.333	stimOnset	001	6	2	17	0.3	predictable	5.760	90
39.749	26.499	stimOnset	001	6	2	18	0.3	predictable	2.618	45
39.999	26.666	stimOnset	001	6	2	19	0.3	predictable	3.665	135
40.249	26.833	stimOnset	001	6	2	20	0.3	predictable	1.571	0
40.499	26.999	pauseOnset	001	6	2	20	0.3	predictable	1.571	0
41.499	27.666	stimOnset	001	6	2	21	0.3	predictable	1.047	90
41.749	27.833	stimOnset	001	6	2	22	0.3	predictable	2.094	45
41.999	27.999	stimOnset	001	6	2	23	0.3	predictable	2.094	135
42.249	28.166	stimOnset	001	6	2	24	0.3	predictable	4.189	0
42.499	28.333	pauseOnset	001	6	2	24	0.3	predictable	4.189	0
43.499	28.999	stimOnset	001	6	2	25	0.3	predictable	2.094	90
43.749	29.166	stimOnset	001	6	2	26	0.3	predictable	5.236	45
43.999	29.332	stimOnset	001	6	2	27	0.3	predictable	3.142	135
44.249	29.499	stimOnset	001	6	2	28	0.3	predictable	5.760	0
44.499	29.666	pauseOnset	001	6	2	28	0.3	predictable	5.760	0
45.499	30.332	stimOnset	001	6	2	29	0.3	predictable	2.618	90
45.749	30.499	stimOnset	001	6	2	30	0.3	predictable	3.665	45
45.999	30.666	stimOnset	001	6	2	31	0.3	predictable	4.712	135
46.249	30.832	stimOnset	001	6	2	32	0.3	predictable	5.236	0
46.499	30.999	pauseOnset	001	6	2	32	0.3	predictable	5.236	0
47.499	31.666	stimOnset	001	6	2	33	0.3	predictable	4.189	90
47.749	31.832	stimOnset	001	6	2	34	0.3	predictable	0.000	45
47.999	31.999	stimOnset	001	6	2	35	0.3	predictable	3.142	135
48.249	32.166	stimOnset	001	6	2	36	0.3	predictable	4.712	0
48.499	32.332	pauseOnset	001	6	2	36	0.3	predictable	4.712	0
49.499	32.999	blockend	001	6	2	36	0.3	predictable	4.712	0
58.498	38.999	stimOnset	001	6	3	1	0.8	random	1.047	135
58.748	39.166	stimOnset	001	6	3	2	0.8	random	3.142	90
58.998	39.332	stimOnset	001	6	3	3	0.8	random	4.189	0
59.248	39.499	stimOnset	001	6	3	4	0.8	random	1.047	45
59.498	39.666	pauseOnset	001	6	3	4	0.8	random	1.047	45
60.498	40.332	stimOnset	001	6	3	5	0.8	random	0.524	45
60.748	40.499	stimOnset	001	6	3	6	0.8	random	2.618	0
60.998	40.665	stimOnset	001	6	3	7	0.8	random	1.571	90
61.248	40.832	stimOnset	001	6	3	8	0.8	random	2.618	135
61.498	40.999	pauseOnset	001	6	3	8	0.8	random	2.618	135
62.498	41.665	stimOnset	001	6	3	9	0.8	random	0.000	90
62.748	41.832	stimOnset	001	6	3	10	0.8	random	4.189	135
62.998	41.999	stimOnset	001	6	3	11	0.8	random	5.760	45
63.248	42.165	stimOnset	001	6	3	12	0.8	random	2.094	0
63.498	42.332	pauseOnset	001	6	3	12	0.8	random	2.094	0
64.498	42.999	stimOnset	001	6	3	13	0.8	random	5.236	90
64.748	43.165	stimOnset	001	6	3	14	0.8	random	3.142	0
64.998	43.332	stimOnset	001	6	3	15	0.8	random	2.094	45
65.248	43.499	catchOnset	001	6	3	16	0.8	random	5.236	135
65.498	43.665	pauseOnset	001	6	3	16	0.8	random	5.236	135
66.498	44.332	stimOnset	001	6	3	17	0.8	random	0.524	135
66.748	44.499	stimOnset	001	6	3	18	0.8	random	3.665	0
66.998	44.665	stimOnset	001	6	3	19	0.8	random	1.047	90
67.248	44.832	stimOnset	001	6	3	20	0.8	random	5.760	45
67.498	44.999	pauseOnset	001	6	3	20	0.8	random	5.760	45
68.498	45.665	stimOnset	001	6	3	21	0.8	random	3.665	0
68.748	45.832	stimOnset	001	6	3	22	0.8	random	0.000	90
68.998	45.999	stimOnset	001	6	3	23	0.8	random	5.760	135
69.248	46.165	catchOnset	001	6	3	24	0.8	random	4.712	45
69.498	46.332	pauseOnset	001	6	3	24	0.8	random	4.712	45
70.498	46.999	stimOnset	001	6	3	25	0.8	random	5.236	45
70.748	47.165	stimOnset	001	6	3	26	0.8	random	2.618	135
70.998	47.332	stimOnset	001	6	3	27	0.8	random	3.665	90
71.248	47.499	stimOnset	001	6	3	28	0.8	random	0.000	0
71.498	47.665	pauseOnset	001	6	3	28	0.8	random	0.000	0
72.498	48.332	stimOnset	001	6	3	29	0.8	random	1.571	45
72.748	48.499	stimOnset	001	6	3	30	0.8	random	2.094	135
72.998	48.665	stimOnset	001	6	3	31	0.8	random	4.712	90
73.248	48.832	stimOnset	001	6	3	32	0.8	random	4.189	0
73.498	48.999	pauseOnset	001	6	3	32	0.8	random	4.189	0
74.498	49.665	stimOnset	001	6	3	33	0.8	random	1.571	90
74.748	49.832	stimOnset	001	6	3	34	0.8	random	3.142	135
74.998	49.999	stimOnset	001	6	3	35	0.8	random	4.712	45
75.248	50.165	stimOnset	001	6	3	36	0.8	random	0.524	0
75.498	50.332	pauseOnset	001	6	3	36	0.8	random	0.524	0
76.498	50.998	blockend	001	6	3	36	0.8	random	0.524	0
76.501	51.001	buttonpress	001	6	3	36	0.8	random	0.524	0
76.512	51.008	buttonpress	001	6	3	36	0.8	random	0.524	0
85.497	56.998	stimOnset	001	6	4	1	0.3	predictable	5.236	90
85.747	57.165	stimOnset	001	6	4	2	0.3	predictable	1.047	45
85.997	57.332	stimOnset	001	6	4	3	0.3	predictable	0.524	135
86.247	57.498	stimOnset	001	6	4	4	0.3	predictable	2.094	0
86.497	57.665	pauseOnset	001	6	4	4	0.3	predictable	2.094	0
87.497	58.332	stimOnset	001	6	4	5	0.3	predictable	0.524	90
87.747	58.498	stimOnset	001	6	4	6	0.3	predictable	4.712	45
87.997	58.665	stimOnset	001	6	4	7	0.3	predictable	2.618	135
88.247	58.832	stimOnset	001	6	4	8	0.3	predictable	4.189	0
88.497	58.998	pauseOnset	001	6	4	8	0.3	predictable	4.189	0
89.497	59.665	stimOnset	001	6	4	9	0.3	predictable	3.665	90
89.747	59.832	stimOnset	001	6	4	10	0.3	predictable	5.760	45
89.997	59.998	stimOnset	001	6	4	11	0.3	predictable	1.571	135
90.247	60.165	stimOnset	001	6	4	12	0.3	predictable	5.236	0
90.497	60.332	pauseOnset	001	6	4	12	0.3	predictable	5.236	0
91.497	60.998	stimOnset	001	6	4	13	0.3	predictable	2.094	90
91.747	61.165	stimOnset	001	6	4	14	0.3	predictable	2.618	45
91.997	61.332	stimOnset	001	6	4	15	0.3	predictable	3.142	135
92.247	61.498	stimOnset	001	6	4	16	0.3	predictable	1.047	0
92.497	61.665	pauseOnset	001	6	4	16	0.3	predictable	1.047	0
93.497	62.331	stimOnset	001	6	4	17	0.3	predictable	3.142	90
93.747	62.498	stimOnset	001	6	4	18	0.3	predictable	1.047	45
93.997	62.665	stimOnset	001	6	4	19	0.3	predictable	0.000	135
94.247	62.831	stimOnset	001	6	4	20	0.3	predictable	2.094	0
94.497	62.998	pauseOnset	001	6	4	20	0.3	predictable	2.094	0
95.497	63.665	stimOnset	001	6	4	21	0.3	predictable	0.000	90
95.747	63.831	stimOnset	001	6	4	22	0.3	predictable	0.524	45
95.997	63.998	stimOnset	001	6	4	23	0.3	predictable	5.236	135
96.247	64.165	stimOnset	001	6	4	24	0.3	predictable	2.618	0
96.497	64.331	pauseOnset	001	6	4	24	0.3	predictable	2.618	0
97.497	64.998	catchOnset	001	6	4	25	0.3	predictable	3.142	90
97.747	65.165	stimOnset	001	6	4	26	0.3	predictable	5.760	45
97.997	65.331	stimOnset	001	6	4	27	0.3	predictable	1.571	135
98.247	65.498	stimOnset	001	6	4	28	0.3	predictable	4.712	0
98.497	65.665	pauseOnset	001	6	4	28	0.3	predictable	4.712	0
99.497	66.331	stimOnset	001	6	4	29	0.3	predictable	3.665	90
99.747	66.498	stimOnset	001	6	4	30	0.3	predictable	4.189	45
99.997	66.665	stimOnset	001	6	4	31	0.3	predictable	3.665	135
100.247	66.831	stimOnset	001	6	4	32	0.3	predictable	4.189	0
100.497	66.998	pauseOnset	001	6	4	32	0.3	predictable	4.189	0
101.497	67.665	stimOnset	001	6	4	33	0.3	predictable	4.712	90
101.747	67.831	stimOnset	001	6	4	34	0.3	predictable	5.760	45
101.997	67.998	stimOnset	001	6	4	35	0.3	predictable	1.571	135
102.247	68.165	stimOnset	001	6	4	36	0.3	predictable	0.000	0
102.497	68.331	pauseOnset	001	6	4	36	0.3	predictable	0.000	0
103.497	68.998	blockend	001	6	4	36	0.3	predictable	0.000	0
103.501	69.000	buttonpress	001	6	4	36	0.3	predictable	0.000	0
112.497	74.998	stimOnset	001	6	5	1	0.3	predictable	2.618	90
112.747	75.164	stimOnset	001	6	5	2	0.3	predictable	4.189	45
112.997	75.331	stimOnset	001	6	5	3	0.3	predictable	0.000	135
113.247	75.498	stimOnset	001	6	5	4	0.3	predictable	2.618	0
113.497	75.664	pauseOnset	001	6	5	4	0.3	predictable	2.618	0
114.497	76.331	stimOnset	001	6	5	5	0.3	predictable	5.236	90
114.747	76.498	stimOnset	001	6	5	6	0.3	predictable	0.524	45
114.997	76.664	stimOnset	001	6	5	7	0.3	predictable	3.665	135
115.247	76.831	stimOnset	001	6	5	8	0.3	predictable	2.094	0
115.497	76.998	pauseOnset	001	6	5	8	0.3	predictable	2.094	0
116.497	77.664	stimOnset	001	6	5	9	0.3	predictable	4.712	90
116.747	77.831	stimOnset	001	6	5	10	0.3	predictable	4.189	45
116.997	77.998	stimOnset	001	6	5	11	0.3	predictable	2.094	135
117.247	78.164	stimOnset	001	6	5	12	0.3	predictable	1.571	0
117.496	78.331	pauseOnset	001	6	5	12	0.3	predictable	1.571	0
118.496	78.998	stimOnset	001	6	5	13	0.3	predictable	5.760	90
118.746	79.164	stimOnset	001	6	5	14	0.3	predictable	3.142	45
118.996	79.331	stimOnset	001	6	5	15	0.3	predictable	4.712	135
119.246	79.498	stimOnset	001	6	5	16	0.3	predictable	5.236	0
119.496	79.664	pauseOnset	001	6	5	16	0.3	predictable	5.236	0
120.496	80.331	stimOnset	001	6	5	17	0.3	predictable	4.712	90
120.746	80.498	stimOnset	001	6	5	18	0.3	predictable	2.618	45
120.996	80.664	stimOnset	001	6	5	19	0.3	predictable	1.047	135
121.246	80.831	stimOnset	001	6	5	20	0.3	predictable	1.571	0
121.496	80.998	pauseOnset	001	6	5	20	0.3	predictable	1.571	0
122.496	81.664	stimOnset	001	6	5	21	0.3	predictable	5.236	90
122.746	81.831	stimOnset	001	6	5	22	0.3	predictable	3.142	45
122.996	81.998	stimOnset	001	6	5	23	0.3	predictable	3.665	135
123.246	82.164	stimOnset	001	6	5	24	0.3	predictable	1.047	0
123.496	82.331	pauseOnset	001	6	5	24	0.3	predictable	1.047	0
124.496	82.998	stimOnset	001	6	5	25	0.3	predictable	0.000	90
124.746	83.164	stimOnset	001	6	5	26	0.3	predictable	0.524	45
124.996	83.331	stimOnset	001	6	5	27	0.3	predictable	3.665	135
125.246	83.498	stimOnset	001	6	5	28	0.3	predictable	0.524	0
125.496	83.664	pauseOnset	001	6	5	28	0.3	predictable	0.524	0
126.496	84.331	stimOnset	001	6	5	29	0.3	predictable	4.189	90
126.746	84.497	stimOnset	001	6	5	30	0.3	predictable	5.760	45
126.996	84.664	stimOnset	001	6	5	31	0.3	predictable	0.000	135
127.246	84.831	stimOnset	001	6	5	32	0.3	predictable	5.760	0
127.496	84.997	pauseOnset	001	6	5	32	0.3	predictable	5.760	0
128.496	85.664	stimOnset	001	6	5	33	0.3	predictable	1.571	90
128.746	85.831	stimOnset	001	6	5	34	0.3	predictable	2.094	45
128.996	85.997	stimOnset	001	6	5	35	0.3	predictable	1.047	135
129.246	86.164	stimOnset	001	6	5	36	0.3	predictable	3.142	0
129.496	86.331	pauseOnset	001	6	5	36	0.3	predictable	3.142	0
130.496	86.997	blockend	001	6	5	36	0.3	predictable	3.142	0
139.496	92.997	stimOnset	001	6	6	1	0.3	random	1.571	0
139.746	93.164	stimOnset	001	6	6	2	0.3	random	5.236	45
139.996	93.331	stimOnset	001	6	6	3	0.3	random	5.236	135
140.246	93.497	stimOnset	001	6	6	4	0.3	random	0.524	90
140.496	93.664	pauseOnset	001	6	6	4	0.3	random	0.524	90
141.496	94.331	stimOnset	001	6	6	5	0.3	random	3.142	0
141.746	94.497	stimOnset	001	6	6	6	0.3	random	1.047	45
141.996	94.664	stimOnset	001	6	6	7	0.3	random	5.236	135
142.246	94.830	stimOnset	001	6	6	8	0.3	random	3.142	90
142.496	94.997	pauseOnset	001	6	6	8	0.3	random	3.142	90
143.496	95.664	stimOnset	001	6	6	9	0.3	random	3.665	135
143.746	95.830	stimOnset	001	6	6	10	0.3	random	5.760	45
143.996	95.997	stimOnset	001	6	6	11	0.3	random	1.571	0
144.246	96.164	stimOnset	001	6	6	12	0.3	random	4.712	90
144.496	96.330	pauseOnset	001	6	6	12	0.3	random	4.712	90
145.496	96.997	stimOnset	001	6	6	13	0.3	random	0.524	135
145.746	97.164	stimOnset	001	6	6	14	0.3	random	4.189	0
145.996	97.330	stimOnset	001	6	6	15	0.3	random	2.618	90
146.246	97.497	stimOnset	001	6	6	16	0.3	random	1.571	45
146.496	97.664	pauseOnset	001	6	6	16	0.3	random	1.571	45
147.496	98.330	stimOnset	001	6	6	17	0.3	random	5.760	45
147.746	98.497	stimOnset	001	6	6	18	0.3	random	3.665	0
147.996	98.664	stimOnset	001	6	6	19	0.3	random	1.047	90
148.246	98.830	stimOnset	001	6	6	20	0.3	random	0.000	135
148.496	98.997	pauseOnset	001	6	6	20	0.3	random	0.000	135
149.496	99.664	stimOnset	001	6	6	21	0.3	random	0.524	45
149.746	99.830	stimOnset	001	6	6	22	0.3	random	2.094	0
149.996	99.997	stimOnset	001	6	6	23	0.3	random	4.189	90
150.246	100.164	stimOnset	001	6	6	24	0.3	random	2.618	135
150.495	100.330	pauseOnset	001	6	6	24	0.3	random	2.618	135
151.495	100.997	stimOnset	001	6	6	25	0.3	random	0.000	45
151.745	101.164	stimOnset	001	6	6	26	0.3	random	2.094	135
151.995	101.330	stimOnset	001	6	6	27	0.3	random	4.712	0
152.245	101.497	stimOnset	001	6	6	28	0.3	random	3.665	90
152.495	101.664	pauseOnset	001	6	6	28	0.3	random	3.665	90
153.495	102.330	stimOnset	001	6	6	29	0.3	random	3.142	0
153.745	102.497	stimOnset	001	6	6	30	0.3	random	4.712	90
153.995	102.664	stimOnset	001	6	6	31	0.3	random	5.760	45
154.245	102.830	stimOnset	001	6	6	32	0.3	random	0.000	135
154.495	102.997	pauseOnset	001	6	6	32	0.3	random	0.000	135
155.495	103.664	stimOnset	001	6	6	33	0.3	random	1.047	90
155.745	103.830	stimOnset	001	6	6	34	0.3	random	2.094	135
155.995	103.997	stimOnset	001	6	6	35	0.3	random	2.618	45
156.245	104.164	stimOnset	001	6	6	36	0.3	random	4.189	0
156.495	104.330	pauseOnset	001	6	6	36	0.3	random	4.189	0
157.495	104.997	blockend	001	6	6	36	0.3	random	4.189	0
166.495	110.997	stimOnset	001	6	7	1	0.8	predictable	3.665	90
166.745	111.163	stimOnset	001	6	7	2	0.8	predictable	3.142	45
166.995	111.330	stimOnset	001	6	7	3	0.8	predictable	3.665	135
167.245	111.497	stimOnset	001	6	7	4	0.8	predictable	4.712	0
167.495	111.663	pauseOnset	001	6	7	4	0.8	predictable	4.712	0
168.495	112.330	stimOnset	001	6	7	5	0.8	predictable	1.047	90
168.745	112.497	stimOnset	001	6	7	6	0.8	predictable	1.571	45
168.995	112.663	stimOnset	001	6	7	7	0.8	predictable	3.665	135
169.245	112.830	stimOnset	001	6	7	8	0.8	predictable	0.000	0
169.495	112.997	pauseOnset	001	6	7	8	0.8	predictable	0.000	0
170.495	113.663	stimOnset	001	6	7	9	0.8	predictable	0.524	90
170.745	113.830	stimOnset	001	6	7	10	0.8	predictable	0.000	45
170.995	113.997	stimOnset	001	6	7	11	0.8	predictable	0.000	135
171.245	114.163	stimOnset	001	6	7	12	0.8	predictable	1.047	0
171.495	114.330	pauseOnset	001	6	7	12	0.8	predictable	1.047	0
172.495	114.997	stimOnset	001	6	7	13	0.8	predictable	4.189	90
172.745	115.163	stimOnset	001	6	7	14	0.8	predictable	2.618	45
172.995	115.330	stimOnset	001	6	7	15	0.8	predictable	1.571	135
173.245	115.497	stimOnset	001	6	7	16	0.8	predictable	4.189	0
173.495	115.663	pauseOnset	001	6	7	16	0.8	predictable	4.189	0
174.495	116.330	stimOnset	001	6	7	17	0.8	predictable	4.189	90
174.745	116.497	stimOnset	001	6	7	18	0.8	predictable	2.094	45
174.995	116.663	stimOnset	001	6	7	19	0.8	predictable	0.524	135
175.245	116.830	stimOnset	001	6	7	20	0.8	predictable	3.142	0
175.495	116.996	pauseOnset	001	6	7	20	0.8	predictable	3.142	0
176.495	117.663	stimOnset	001	6	7	21	0.8	predictable	2.618	90
176.745	117.830	stimOnset	001	6	7	22	0.8	predictable	5.760	45
176.995	117.996	stimOnset	001	6	7	23	0.8	predictable	5.760	135
177.245	118.163	stimOnset	001	6	7	24	0.8	predictable	1.047	0
177.495	118.330	pauseOnset	001	6	7	24	0.8	predictable	1.047	0
178.495	118.996	stimOnset	001	6	7	25	0.8	predictable	3.142	90
178.745	119.163	stimOnset	001	6	7	26	0.8	predictable	4.712	45
178.995	119.330	stimOnset	001	6	7	27	0.8	predictable	4.712	135
179.245	119.496	stimOnset	001	6	7	28	0.8	predictable	2.094	0
179.495	119.663	pauseOnset	001	6	7	28	0.8	predictable	2.094	0
180.495	120.330	stimOnset	001	6	7	29	0.8	predictable	5.236	90
180.745	120.496	stimOnset	001	6	7	30	0.8	predictable	5.760	45
180.995	120.663	stimOnset	001	6	7	31	0.8	predictable	5.236	135
181.245	120.830	stimOnset	001	6	7	32	0.8	predictable	0.524	0
181.495	120.996	pauseOnset	001	6	7	32	0.8	predictable	0.524	0
182.495	121.663	stimOnset	001	6	7	33	0.8	predictable	2.618	90
182.745	121.830	stimOnset	001	6	7	34	0.8	predictable	1.571	45
182.995	121.996	stimOnset	001	6	7	35	0.8	predictable	2.094	135
183.244	122.163	stimOnset	001	6	7	36	0.8	predictable	5.236	0
183.494	122.330	pauseOnset	001	6	7	36	0.8	predictable	5.236	0
184.494	122.996	blockend	001	6	7	36	0.8	predictable	5.236	0
193.494	128.996	stimOnset	001	6	8	1	0.8	predictable	1.571	90
193.744	129.163	stimOnset	001	6	8	2	0.8	predictable	4.712	45
193.994	129.329	stimOnset	001	6	8	3	0.8	predictable	3.665	135
194.244	129.496	stimOnset	001	6	8	4	0.8	predictable	5.760	0
194.494	129.663	pauseOnset	001	6	8	4	0.8	predictable	5.760	0
195.494	130.329	stimOnset	001	6	8	5	0.8	predictable	1.047	90
195.744	130.496	stimOnset	001	6	8	6	0.8	predictable	5.236	45
195.994	130.663	stimOnset	001	6	8	7	0.8	predictable	2.618	135
196.244	130.829	stimOnset	001	6	8	8	0.8	predictable	3.142	0
196.494	130.996	pauseOnset	001	6	8	8	0.8	predictable	3.142	0
197.494	131.663	stimOnset	001	6	8	9	0.8	predictable	0.524	90
197.744	131.829	stimOnset	001	6	8	10	0.8	predictable	4.189	45
197.994	131.996	stimOnset	001	6	8	11	0.8	predictable	4.189	135
198.244	132.163	stimOnset	001	6	8	12	0.8	predictable	0.000	0
198.494	132.329	pauseOnset	001	6	8	12	0.8	predictable	0.000	0
199.494	132.996	stimOnset	001	6	8	13	0.8	predictable	1.047	90
199.744	133.163	stimOnset	001	6	8	14	0.8	predictable	0.524	45
199.994	133.329	stimOnset	001	6	8	15	0.8	predictable	2.094	135
200.244	133.496	stimOnset	001	6	8	16	0.8	predictable	0.000	0
200.494	133.663	pauseOnset	001	6	8	16	0.8	predictable	0.000	0
201.494	134.329	catchOnset	001	6	8	17	0.8	predictable	3.142	90
201.744	134.496	stimOnset	001	6	8	18	0.8	predictable	1.047	45
201.994	134.663	stimOnset	001	6	8	19	0.8	predictable	2.618	135
202.244	134.829	stimOnset	001	6	8	20	0.8	predictable	5.760	0
202.494	134.996	pauseOnset	001	6	8	20	0.8	predictable	5.760	0
203.494	135.663	stimOnset	001	6	8	21	0.8	predictable	3.142	90
203.744	135.829	stimOnset	001	6	8	22	0.8	predictable	2.094	45
203.994	135.996	stimOnset	001	6	8	23	0.8	predictable	1.571	135
204.244	136.163	stimOnset	001	6	8	24	0.8	predictable	0.524	0
204.494	136.329	pauseOnset	001	6	8	24	0.8	predictable	0.524	0
205.494	136.996	stimOnset	001	6	8	25	0.8	predictable	3.665	90
205.744	137.163	stimOnset	001	6	8	26	0.8	predictable	4.712	45
205.994	137.329	stimOnset	001	6	8	27	0.8	predictable	4.712	135
206.244	137.496	stimOnset	001	6	8	28	0.8	predictable	4.189	0
206.494	137.663	pauseOnset	001	6	8	28	0.8	predictable	4.189	0
207.494	138.329	stimOnset	001	6	8	29	0.8	predictable	2.618	90
207.744	138.496	stimOnset	001	6	8	30	0.8	predictable	5.760	45
207.994	138.662	stimOnset	001	6	8	31	0.8	predictable	1.571	135
208.244	138.829	stimOnset	001	6	8	32	0.8	predictable	5.236	0
208.494	138.996	pauseOnset	001	6	8	32	0.8	predictable	5.236	0
209.494	139.662	stimOnset	001	6	8	33	0.8	predictable	5.236	90
209.744	139.829	stimOnset	001	6	8	34	0.8	predictable	2.094	45
209.994	139.996	stimOnset	001	6	8	35	0.8	predictable	0.000	135
210.244	140.162	stimOnset	001	6	8	36	0.8	predictable	3.665	0
210.494	140.329	pauseOnset	001	6	8	36	0.8	predictable	3.665	0
211.494	140.996	blockend	001	6	8	36	0.8	predictable	3.665	0
211.497	140.998	buttonpress	001	6	8	36	0.8	predictable	3.665	0
220.493	146.996	stimOnset	001	6	9	1	0.8	predictable	1.047	90
220.743	147.162	stimOnset	001	6	9	2	0.8	predictable	1.047	45
220.993	147.329	stimOnset	001	6	9	3	0.8	predictable	4.712	135
221.243	147.496	stimOnset	001	6	9	4	0.8	predictable	0.000	0
221.493	147.662	pauseOnset	001	6	9	4	0.8	predictable	0.000	0
222.493	148.329	stimOnset	001	6	9	5	0.8	predictable	3.665	90
222.743	148.496	stimOnset	001	6	9	6	0.8	predictable	3.142	45
222.993	148.662	stimOnset	001	6	9	7	0.8	predictable	2.618	135
223.243	148.829	stimOnset	001	6	9	8	0.8	predictable	5.760	0
223.493	148.996	pauseOnset	001	6	9	8	0.8	predictable	5.760	0
224.493	149.662	stimOnset	001	6	9	9	0.8	predictable	3.665	90
224.743	149.829	catchOnset	001	6	9	10	0.8	predictable	0.000	45
224.993	149.995	stimOnset	001	6	9	11	0.8	predictable	0.524	135
225.243	150.162	stimOnset	001	6	9	12	0.8	predictable	4.712	0
225.493	150.329	pauseOnset	001	6	9	12	0.8	predictable	4.712	0
226.493	150.995	stimOnset	001	6	9	13	0.8	predictable	5.236	90
226.743	151.162	stimOnset	001	6	9	14	0.8	predictable	5.236	45
226.993	151.329	stimOnset	001	6	9	15	0.8	predictable	3.142	135
227.243	151.495	stimOnset	001	6	9	16	0.8	predictable	4.712	0
227.493	151.662	pauseOnset	001	6	9	16	0.8	predictable	4.712	0
228.493	152.329	stimOnset	001	6	9	17	0.8	predictable	0.524	90
228.743	152.495	stimOnset	001	6	9	18	0.8	predictable	1.047	45
228.993	152.662	stimOnset	001	6	9	19	0.8	predictable	1.571	135
229.243	152.829	stimOnset	001	6	9	20	0.8	predictable	2.094	0
229.493	152.995	pauseOnset	001	6	9	20	0.8	predictable	2.094	0
230.493	153.662	catchOnset	001	6	9	21	0.8	predictable	1.571	90
230.743	153.829	stimOnset	001	6	9	22	0.8	predictable	4.189	45
230.993	153.995	stimOnset	001	6	9	23	0.8	predictable	4.189	135
231.243	154.162	stimOnset	001	6	9	24	0.8	predictable	4.189	0
231.493	154.329	pauseOnset	001	6	9	24	0.8	predictable	4.189	0
232.493	154.995	stimOnset	001	6	9	25	0.8	predictable	2.618	90
232.743	155.162	stimOnset	001	6	9	26	0.8	predictable	3.142	45
232.993	155.329	stimOnset	001	6	9	27	0.8	predictable	3.665	135
233.243	155.495	stimOnset	001	6	9	28	0.8	predictable	5.760	0
233.493	155.662	pauseOnset	001	6	9	28	0.8	predictable	5.760	0
234.493	156.329	stimOnset	001	6	9	29	0.8	predictable	2.618	90
234.743	156.495	stimOnset	001	6	9	30	0.8	predictable	0.000	45
234.993	156.662	stimOnset	001	6	9	31	0.8	predictable	2.094	135
235.243	156.829	stimOnset	001	6	9	32	0.8	predictable	5.236	0
235.493	156.995	pauseOnset	001	6	9	32	0.8	predictable	5.236	0
236.493	157.662	stimOnset	001	6	9	33	0.8	predictable	1.571	90
236.743	157.829	stimOnset	001	6	9	34	0.8	predictable	0.524	45
236.993	157.995	stimOnset	001	6	9	35	0.8	predictable	5.760	135
237.243	158.162	stimOnset	001	6	9	36	0.8	predictable	2.094	0
237.493	158.329	pauseOnset	001	6	9	36	0.8	predictable	2.094	0
238.493	158.995	blockend	001	6	9	36	0.8	predictable	2.094	0
238.496	158.998	buttonpress	001	6	9	36	0.8	predictable	2.094	0
238.504	159.003	buttonpress	001	6	9	36	0.8	predictable	2.094	0
247.493	164.995	stimOnset	001	6	10	1	0.3	random	1.571	135
247.743	165.162	stimOnset	001	6	10	2	0.3	random	0.524	45
247.993	165.328	stimOnset	001	6	10	3	0.3	random	4.189	0
248.243	165.495	stimOnset	001	6	10	4	0.3	random	5.760	90
248.493	165.662	pauseOnset	001	6	10	4	0.3	random	5.760	90
249.492	166.328	stimOnset	001	6	10	5	0.3	random	5.236	0
249.742	166.495	stimOnset	001	6	10	6	0.3	random	0.000	135
249.992	166.662	stimOnset	001	6	10	7	0.3	random	4.712	45
250.242	166.828	stimOnset	001	6	10	8	0.3	random	1.047	90
250.492	166.995	pauseOnset	001	6	10	8	0.3	random	1.047	90
251.492	167.662	stimOnset	001	6	10	9	0.3	random	0.000	0
251.742	167.828	stimOnset	001	6	10	10	0.3	random	1.571	135
251.992	167.995	stimOnset	001	6	10	11	0.3	random	3.665	45
252.242	168.162	stimOnset	001	6	10	12	0.3	random	3.142	90
252.492	168.328	pauseOnset	001	6	10	12	0.3	random	3.142	90
253.492	168.995	stimOnset	001	6	10	13	0.3	random	2.618	0
253.742	169.162	catchOnset	001	6	10	14	0.3	random	1.571	90
253.992	169.328	stimOnset	001	6	10	15	0.3	random	3.142	45
254.242	169.495	stimOnset	001	6	10	16	0.3	random	5.760	135
254.492	169.662	pauseOnset	001	6	10	16	0.3	random	5.760	135
255.492	170.328	stimOnset	001	6	10	17	0.3	random	3.142	135
255.742	170.495	stimOnset	001	6	10	18	0.3	random	4.712	0
255.992	170.662	stimOnset	001	6	10	19	0.3	random	2.618	90
256.242	170.828	stimOnset	001	6	10	20	0.3	random	2.618	45
256.492	170.995	pauseOnset	001	6	10	20	0.3	random	2.618	45
257.492	171.661	stimOnset	001	6	10	21	0.3	random	4.712	90
257.742	171.828	stimOnset	001	6	10	22	0.3	random	1.047	0
257.992	171.995	stimOnset	001	6	10	23	0.3	random	5.760	45
258.242	172.161	stimOnset	001	6	10	24	0.3	random	3.665	135
258.492	172.328	pauseOnset	001	6	10	24	0.3	random	3.665	135
259.492	172.995	stimOnset	001	6	10	25	0.3	random	2.094	0
259.742	173.161	stimOnset	001	6	10	26	0.3	random	0.000	90
259.992	173.328	stimOnset	001	6	10	27	0.3	random	0.524	135
260.242	173.495	stimOnset	001	6	10	28	0.3	random	4.189	45
260.492	173.661	pauseOnset	001	6	10	28	0.3	random	4.189	45
261.492	174.328	stimOnset	001	6	10	29	0.3	random	3.665	45
261.742	174.495	stimOnset	001	6	10	30	0.3	random	2.094	90
261.992	174.661	stimOnset	001	6	10	31	0.3	random	2.094	0
262.242	174.828	stimOnset	001	6	10	32	0.3	random	1.047	135
262.492	174.995	pauseOnset	001	6	10	32	0.3	random	1.047	135
263.492	175.661	stimOnset	001	6	10	33	0.3	random	5.236	45
263.742	175.828	stimOnset	001	6	10	34	0.3	random	5.236	135
263.992	175.995	stimOnset	001	6	10	35	0.3	random	4.189	0
264.242	176.161	stimOnset	001	6	10	36	0.3	random	0.524	90
264.492	176.328	pauseOnset	001	6	10	36	0.3	random	0.524	90
265.492	176.995	blockend	001	6	10	36	0.3	random	0.524	90
265.496	176.997	buttonpress	001	6	10	36	0.3	random	0.524	90
274.508	183.006	stimOnset	001	6	11	1	0.8	random	2.094	45
274.758	183.172	stimOnset	001	6	11	2	0.8	random	4.189	135
275.008	183.339	stimOnset	001	6	11	3	0.8	random	5.236	90
275.258	183.506	stimOnset	001	6	11	4	0.8	random	2.618	0
275.508	183.672	pauseOnset	001	6	11	4	0.8	random	2.618	0
276.508	184.339	stimOnset	001	6	11	5	0.8	random	4.712	45
276.758	184.506	stimOnset	001	6	11	6	0.8	random	1.047	90
277.008	184.672	stimOnset	001	6	11	7	0.8	random	3.142	0
277.258	184.839	stimOnset	001	6	11	8	0.8	random	5.236	135
277.508	185.006	pauseOnset	001	6	11	8	0.8	random	5.236	135
278.508	185.672	stimOnset	001	6	11	9	0.8	random	5.760	45
278.758	185.839	stimOnset	001	6	11	10	0.8	random	1.571	0
279.008	186.006	stimOnset	001	6	11	11	0.8	random	1.571	90
279.258	186.172	stimOnset	001	6	11	12	0.8	random	2.094	135
279.508	186.339	pauseOnset	001	6	11	12	0.8	random	2.094	135
280.508	187.005	stimOnset	001	6	11	13	0.8	random	3.665	90
280.758	187.172	stimOnset	001	6	11	14	0.8	random	5.236	45
281.008	187.339	stimOnset	001	6	11	15	0.8	random	0.000	135
281.258	187.505	stimOnset	001	6	11	16	0.8	random	1.047	0
281.508	187.672	pauseOnset	001	6	11	16	0.8	random	1.047	0
282.508	188.339	stimOnset	001	6	11	17	0.8	random	2.618	135
282.758	188.505	stimOnset	001	6	11	18	0.8	random	4.189	90
283.008	188.672	stimOnset	001	6	11	19	0.8	random	0.524	0
283.258	188.839	stimOnset	001	6	11	20	0.8	random	3.142	45
283.508	189.005	pauseOnset	001	6	11	20	0.8	random	3.142	45
284.508	189.672	stimOnset	001	6	11	21	0.8	random	2.094	90
284.758	189.839	stimOnset	001	6	11	22	0.8	random	5.760	0
285.008	190.005	stimOnset	001	6	11	23	0.8	random	3.665	135
285.258	190.172	stimOnset	001	6	11	24	0.8	random	3.665	45
285.508	190.339	pauseOnset	001	6	11	24	0.8	random	3.665	45
286.508	191.005	stimOnset	001	6	11	25	0.8	random	4.712	135
286.758	191.172	stimOnset	001	6	11	26	0.8	random	4.189	0
287.008	191.339	stimOnset	001	6	11	27	0.8	random	0.000	90
287.258	191.505	stimOnset	001	6	11	28	0.8	random	1.571	45
287.508	191.672	pauseOnset	001	6	11	28	0.8	random	1.571	45
288.508	192.339	stimOnset	001	6	11	29	0.8	random	4.712	135
288.758	192.505	stimOnset	001	6	11	30	0.8	random	0.000	90
289.008	192.672	stimOnset	001	6	11	31	0.8	random	3.142	0
289.258	192.839	stimOnset	001	6	11	32	0.8	random	2.618	45
289.508	193.005	pauseOnset	001	6	11	32	0.8	random	2.618	45
290.508	193.672	stimOnset	001	6	11	33	0.8	random	5.760	45
290.758	193.839	stimOnset	001	6	11	34	0.8	random	0.524	90
291.008	194.005	stimOnset	001	6	11	35	0.8	random	0.524	0
291.258	194.172	stimOnset	001	6	11	36	0.8	random	1.047	135
291.508	194.339	pauseOnset	001	6	11	36	0.8	random	1.047	135
292.508	195.005	blockend	001	6	11	36	0.8	random	1.047	135
301.508	201.005	stimOnset	001	6	12	1	0.3	random	0.524	0
301.758	201.172	stimOnset	001	6	12	2	0.3	random	1.047	45
302.008	201.338	stimOnset	001	6	12	3	0.3	random	3.142	135
302.258	201.505	stimOnset	001	6	12	4	0.3	random	0.000	90
302.508	201.672	pauseOnset	001	6	12	4	0.3	random	0.000	90
303.508	202.338	stimOnset	001	6	12	5	0.3	random	5.236	45
303.758	202.505	stimOnset	001	6	12	6	0.3	random	0.524	135
304.007	202.672	stimOnset	001	6	12	7	0.3	random	4.189	0
304.257	202.838	stimOnset	001	6	12	8	0.3	random	3.142	90
304.507	203.005	pauseOnset	001	6	12	8	0.3	random	3.142	90
305.507	203.672	stimOnset	001	6	12	9	0.3	random	4.712	90
305.757	203.838	stimOnset	001	6	12	10	0.3	random	1.047	45
306.007	204.005	stimOnset	001	6	12	11	0.3	random	0.524	135
306.257	204.172	catchOnset	001	6	12	12	0.3	random	1.571	0
306.507	204.338	pauseOnset	001	6	12	12	0.3	random	1.571	0
307.507	205.005	stimOnset	001	6	12	13	0.3	random	3.665	135
307.757	205.172	stimOnset	001	6	12	14	0.3	random	4.189	45
308.007	205.338	stimOnset	001	6	12	15	0.3	random	4.189	90
308.257	205.505	stimOnset	001	6	12	16	0.3	random	5.236	0
308.507	205.672	pauseOnset	001	6	12	16	0.3	random	5.236	0
309.507	206.338	stimOnset	001	6	12	17	0.3	random	0.000	135
309.757	206.505	stimOnset	001	6	12	18	0.3	random	2.618	45
310.007	206.672	stimOnset	001	6	12	19	0.3	random	2.094	90
310.257	206.838	stimOnset	001	6	12	20	0.3	random	2.618	0
310.507	207.005	pauseOnset	001	6	12	20	0.3	random	2.618	0
311.507	207.672	stimOnset	001	6	12	21	0.3	random	5.760	90
311.757	207.838	stimOnset	001	6	12	22	0.3	random	1.571	45
312.007	208.005	stimOnset	001	6	12	23	0.3	random	0.000	135
312.257	208.171	stimOnset	001	6	12	24	0.3	random	2.618	0
312.507	208.338	pauseOnset	001	6	12	24	0.3	random	2.618	0
313.507	209.005	stimOnset	001	6	12	25	0.3	random	5.760	45
313.757	209.171	stimOnset	001	6	12	26	0.3	random	3.665	90
314.007	209.338	stimOnset	001	6	12	27	0.3	random	5.760	0
314.257	209.505	stimOnset	001	6	12	28	0.3	random	4.712	135
314.507	209.671	pauseOnset	001	6	12	28	0.3	random	4.712	135
315.507	210.338	stimOnset	001	6	12	29	0.3	random	2.094	45
315.757	210.505	stimOnset	001	6	12	30	0.3	random	2.094	0
316.007	210.671	catchOnset	001	6	12	31	0.3	random	5.236	90
316.257	210.838	stimOnset	001	6	12	32	0.3	random	1.047	135
316.507	211.005	pauseOnset	001	6	12	32	0.3	random	1.047	135
317.507	211.671	stimOnset	001	6	12	33	0.3	random	4.712	135
317.757	211.838	stimOnset	001	6	12	34	0.3	random	3.665	0
318.007	212.005	stimOnset	001	6	12	35	0.3	random	1.571	90
318.257	212.171	stimOnset	001	6	12	36	0.3	random	3.142	45
318.507	212.338	pauseOnset	001	6	12	36	0.3	random	3.142	45
319.507	213.005	blockend	001	6	12	36	0.3	random	3.142	45
319.510	213.007	buttonpress	001	6	12	36	0.3	random	3.142	45
319.518	213.012	buttonpress	001	6	12	36	0.3	random	3.142	45
